interimId,parentId
61556c5e81bc44151ea09099,61556c5e81bc4427e2a09088
61556d7281bc441764a1fd20,61556d7281bc440ff0a1fd0e
615a268456fd991b8805f9ce,615a268456fd99764505f9bd
615dfe414566b1757e774806,615dfe414566b1e6ab7747f5
615e14abfef2ff5920ecb636,615e14abfef2ff32b9ecb626
6168bb14cd9d272f9ae72639,615a268456fd99764505f9bd
6169e282f058845aa43720eb,616fe940b2f488c17bf7a873
616fe879b2f488035bf6b774,616fe879b2f488eb2bf6b763
616fe879b2f4887f28f6b817,616fe879b2f488eb2bf6b763
616fe940b2f488825ef7a885,616fe940b2f488c17bf7a873
61771dd429443d57b41e9476,61771dd429443dc9e31e9463
61961352110b71e0a20bf10b,61961352110b710be60bf0f5
619c417ea352745be4849fe2,619c417ba352746217849953
619d5a5bec7bbfd8ed00c421,619d5a5bec7bbfcda600c41d
619d5b16ec7bbf153700ef2b,619d5b16ec7bbf039800ef27
629ef8cf14d0e15c7baafddb,629ef8cf14d0e15c7baafdcc
62a1538a7b840324c74d6efe,629ef8cf14d0e15c7baafdcc
6435d074c3d27e3a4d0fe15b,6435d074c3d27e3a4d0fe158
